,Purchase Frequency,Loyalty Status,Avg Purchase Amount
0,frequent,gold,9626.479919678715
1,frequent,regular,9641.219784802735
2,frequent,silver,9566.127248936866
3,occasional,gold,9610.531377899046
4,occasional,regular,9692.961634418141
5,occasional,silver,9615.121789839632
6,rare,gold,9625.946521913953
7,rare,regular,9607.743623804463
8,rare,silver,9662.582736221791
